basin,n_subdas,n_train,n_test,is_new,outlet_ids
0,10,10,10,False,b65e571dafef
1,71,71,71,False,124c34844cce
2,45,45,45,False,b792ed7bbe2e
3,37,37,37,False,570ecbd71f56
4,7,7,7,False,430d8f7be657
5,49,49,49,False,a8a225bd0aab
6,51,51,51,False,b1384770b0e6
7,60,60,60,False,3d6bda13c67f
8,54,54,54,False,d2f20d09a6b5
9,8,8,8,False,4beb05a07dff
10,8,8,8,False,dd80fe4d3e57
11,1,1,1,False,b2bb6c23ac45
12,70,70,70,False,60fbb7dbf816
13,31,31,31,False,4cdcfa93acf8
14,106,106,106,False,3fd857f444ba
15,23,23,23,False,e20c7108c6fc
16,38,38,38,False,1afe6d78a597
17,37,37,37,False,910cbbdbfab7
18,54,54,54,False,db70a1fee3b3
19,123,123,123,False,a81dd850e44f
20,28,28,28,False,5c9daf76feec
21,7,7,7,False,53417efe9137
22,36,36,36,False,09443c9cb786
23,87,87,87,False,5b28b980571c
24,46,46,46,False,2dc1f07472bb
25,67,67,67,False,d543af9d5a28
26,53,53,53,False,e0823705f479
27,31,31,31,False,fb61211bc735
28,87,87,87,False,73a4ba759721
29,36,36,36,False,2ba52251573b
30,28,28,28,False,7901d22f343f
31,68,68,68,False,f53b5f0354a1
32,19,19,19,False,76befe89979b
33,33,33,33,False,a37394d0aa79
34,20,20,20,False,8c241967faa8
35,13,13,13,False,4c7e7fda9337
36,48,48,48,False,ee160fa3144b
37,74,74,74,False,e8c6012436bd
38,33,33,33,False,0aec2e941f37
39,56,56,56,False,8d0527c3dfd3
40,35,35,35,False,03ba86a44254
41,52,52,52,False,e2f89e30891b
42,29,29,29,False,7b625c4cf25a
43,1,1,1,False,73b7670551d7
44,35,35,35,False,bc2586cd5833
45,22,22,22,False,3342c4c3c66a
46,1,1,1,False,fdc8b422451c
47,9,9,9,False,c4d467ed4efc
48,28,28,28,False,71c8a3e0a983
49,22,22,22,False,f48cc71e163a
50,19,19,19,False,7d57b07834f6
51,49,49,49,False,8f2e9af89ac0
52,1,1,1,False,27b19c332f91
53,9,9,9,False,d7a68887de4b
54,6,6,6,False,140529565846
55,26,26,26,False,f2847fc9a134
56,5,5,5,False,53b80685aec0
57,7,7,7,False,4df962b58cb1
58,2,2,2,False,737079498fcf
59,1,1,1,False,4c75fd9d6350
60,20,20,20,False,94211c5d4592
61,2,2,2,False,2edd73694832
62,1,1,1,False,e981d1be358a
63,3,3,3,False,7063689730e2
64,6,6,6,False,db5f06e259a5
65,1,1,1,False,f64eb74f6c26
66,5,5,5,False,dd87f21eff92
67,2,2,2,False,cfeb98538b7c
68,4,4,4,False,7eeed08a904b
69,1,1,1,False,26d69065eb96
70,2,2,2,False,9a68e3e5eef2
71,1,1,1,False,21c8e66a6887
72,2,2,2,False,c397bbc15f81
73,1,1,1,False,669bd56b3402
74,1,1,1,False,e954da47198e
75,1,1,1,False,79f3247a18d0
76,1,1,1,False,8847f593d307
77,2,2,2,False,ee552fcc4def
78,3,3,3,False,b5446d8f3d9d
79,1,1,1,False,ee7512128af4
80,1,1,1,False,00f890354362
81,1,1,1,False,2cf84ec26e90
82,1,1,1,False,7407ab64d6f6
83,1,1,1,False,bd04e9583418
84,3,3,3,False,1b18c71e6916
85,2,2,2,False,13e92f32a60c
86,1,1,1,False,abf7e4b520b1
87,1,1,1,False,c4b0bdab20d2
88,1,1,1,False,264e8dcf47bd
89,1,1,1,False,8990a93e775e
90,1,1,1,False,f248348110e4
91,1,1,1,False,8311381fe036
92,1,1,1,False,1043c32cef87
93,1,1,1,False,d5ded72484be
94,1,1,1,False,b95dc8f8d82e
95,1,1,1,False,c5b189178eef
96,1,1,1,False,01c87f3b4e97
97,1,1,1,False,d12f0de316a0
98,1,1,1,False,879822c5bd9f
99,1,1,1,False,de552616e21d
100,1,1,1,False,f4ad49551cf6
101,27,0,27,True,6215613b2b24
102,22,0,22,True,00f1c0e1e810
103,26,0,26,True,4d4cfb47dbe6
104,19,0,19,True,a2ab02e1d8ad
105,52,0,52,True,d9636495c19c
106,63,0,63,True,92edb991a050
107,22,0,22,True,4ac73a6c56de
108,67,0,67,True,42d8c874e49a
109,28,0,28,True,01dda3e06fe5
110,33,0,33,True,c392e93aa1e2
111,27,0,27,True,da64f9e4758d
112,54,0,54,True,884e38a5472f
113,58,0,58,True,ee17e2994d22
114,37,0,37,True,2d47b528af92
115,50,0,50,True,0c77e8c5f388
116,36,0,36,True,b17080dedbae
117,7,0,7,True,d73454302d1d
118,58,0,58,True,bccae8472889
119,26,0,26,True,47605f1afdea
120,1,0,1,True,41366d8866e3
121,3,0,3,True,ed9a2c12b860
122,17,0,17,True,91ac681556e9
123,1,0,1,True,87a9f527272f
124,1,0,1,True,4a952931dbac
125,1,0,1,True,edba35f4c3da
126,1,0,1,True,9e026aae1773
127,5,0,5,True,f3cf82f76d4c
128,2,0,2,True,8c998ccc0b3a
129,1,0,1,True,fe324289c535
130,3,0,3,True,41db982096b1
131,6,0,6,True,6d973bd13103
132,1,0,1,True,94de15794020
133,3,0,3,True,81eacd325e47
134,2,0,2,True,abc451c92c9c
135,1,0,1,True,04712b9c99c2
136,4,0,4,True,71ef388d4977
137,4,0,4,True,4c072cc8f0d0
138,1,0,1,True,ad010302d8a5
139,1,0,1,True,d586f39149aa
140,2,0,2,True,2f54bd0f5102
141,2,0,2,True,0a058998a6c3
142,3,0,3,True,0df6caa19487
143,1,0,1,True,61c79cb87ce0
144,3,0,3,True,714a2795bf13
145,2,0,2,True,f76aa23a1f71
146,1,0,1,True,b723c8bbfa7e
147,1,0,1,True,635f3d1673a5
