origin_id,t,month,label_rate
214,0,9,0.259094942324756
83,1,10,0.21815777875716175
85,2,11,0.33274257864421797
11,3,12,0.2620842572062084
171,4,1,0.19910913140311803
128,5,2,0.11086375779162956
34,6,3,0.15432372505543238
1,7,4,0.21264367816091953
12,8,5,0.17853962600178094
72,9,6,0.15873015873015872
71,10,7,0.21911111111111112
189,11,8,0.2655417406749556
159,12,9,0.3015030946065429
90,13,10,0.34249003101462117
50,14,11,0.33184855233853006
64,15,12,0.3182624113475177
0,16,1,0.378140149845747
58,17,2,0.3487858719646799
236,18,3,0.31438721136767317
48,19,4,0.3891843971631206
144,20,5,0.36596119929453264
153,21,6,0.341019955654102
146,22,7,0.41707209199469264
141,23,8,0.3184233835252436
165,24,9,0.4103019538188277
98,25,10,0.3230837789661319
149,26,11,0.3360071301247772
26,27,12,0.3671840354767184
170,28,1,0.2848914488258751
106,29,2,0.2678809418036428
230,30,3,0.2914997774810859
74,31,4,0.21530249110320285
137,32,5,0.22354497354497355
49,33,6,0.29624724061810154
210,34,7,0.22707231040564374
13,35,8,0.20124113475177305
54,36,9,0.2727272727272727
133,37,10,0.22217314487632508
46,38,11,0.24701195219123506
158,39,12,0.37804338202744575
194,40,1,0.1919147045757441
70,41,2,0.16076173604960142
157,42,3,0.1775618374558304
2,43,4,0.18914107699154428
200,44,5,0.17337461300309598
80,45,6,0.16149068322981366
125,46,7,0.10407440212577503
113,47,8,0.09933184855233854
150,48,9,0.08374164810690424
120,49,10,0.0921577315019938
244,50,11,0.0556792873051225
245,51,12,0.06654835847382432
152,52,1,0.08455068614431165
126,53,2,0.11238938053097346
33,54,3,0.09991119005328597
8,55,4,0.15411868910540302
35,56,5,0.12189716312056738
212,57,6,0.0985481742190937
154,58,7,0.07120605251446373
139,59,8,0.12294718153573014
47,60,9,0.097506678539626
219,61,10,0.14727996461742593
4,62,11,0.19708351745470615
239,63,12,0.13093652907234798
227,64,1,0.16295636687444345
247,65,2,0.15241470979175897
243,66,3,0.23537234042553193
163,67,4,0.2367601246105919
251,68,5,0.25077399380804954
43,69,6,0.20053475935828877
167,70,7,0.19539211342490032
16,71,8,0.16570669029685423
160,72,9,0.1549045716822015
174,73,10,0.19030680302356603
68,74,11,0.19857524487978628
51,75,12,0.1664459161147903
175,76,1,0.30473241928350286
155,77,2,0.24866548042704625
199,78,3,0.28520814880425155
140,79,4,0.30262572318647085
182,80,5,0.2530013339261894
237,81,6,0.23342175066312998
225,82,7,0.266369710467706
20,83,8,0.22128975265017667
241,84,9,0.24433585073300756
138,85,10,0.25675077467906154
67,86,11,0.2017738359201774
164,87,12,0.1634828964904487
213,88,1,0.15418894830659535
238,89,2,0.20318725099601595
195,90,3,0.16358024691358025
135,91,4,0.15504220346512662
84,92,5,0.16136162687886826
24,93,6,0.13780918727915195
162,94,7,0.09265033407572383
143,95,8,0.14640638864241348
246,96,9,0.16997792494481237
145,97,10,0.1446959609409676
78,98,11,0.09763709317877842
132,99,12,0.16710875331564987
180,100,1,0.142347166443552
95,101,2,0.17416481069042317
63,102,3,0.08904719501335707
192,103,4,0.04309195912927588
69,104,5,0.05693950177935943
242,105,6,0.09268292682926829
223,106,7,0.11415929203539824
220,107,8,0.09803921568627451
147,108,9,0.13539823008849558
122,109,10,0.2129916040653999
96,110,11,0.11061750333185251
201,111,12,0.056762749445676275
187,112,1,0.09477413640389726
42,113,2,0.040671971706454466
76,114,3,0.12067435669920142
79,115,4,0.06717081850533808
18,116,5,0.11027123165851489
114,117,6,0.12094264117385504
5,118,7,0.11564023039432876
191,119,8,0.1491150442477876
183,120,9,0.17709720372836218
240,121,10,0.15882874889086068
17,122,11,0.22355024347056218
112,123,12,0.24732620320855614
248,124,1,0.17928286852589642
19,125,2,0.1368838028169014
10,126,3,0.1324823943661972
37,127,4,0.15296198054818744
190,128,5,0.173542600896861
45,129,6,0.1646693297825122
229,130,7,0.19955357142857144
221,131,8,0.1452687694358063
21,132,9,0.14931324767390342
118,133,10,0.13930789707187222
249,134,11,0.1285140562248996
87,135,12,0.16593309859154928
23,136,1,0.22000885347498894
39,137,2,0.26865008880994673
110,138,3,0.3191677733510403
73,139,4,0.3148558758314856
57,140,5,0.3593265396544085
196,141,6,0.33644030181979584
179,142,7,0.31765749778172137
6,143,8,0.26696230598669624
188,144,9,0.2689594356261023
156,145,10,0.39707187222715173
25,146,11,0.3349622390048867
231,147,12,0.26299422478898266
30,148,1,0.375222816399287
75,149,2,0.40248778320746337
233,150,3,0.297153024911032
217,151,4,0.2467706013363029
97,152,5,0.23576512455516013
101,153,6,0.1511111111111111
205,154,7,0.146954986760812
131,155,8,0.11916407292129835
142,156,9,0.2841312056737589
52,157,10,0.23519009725906279
177,158,11,0.23735581188997337
77,159,12,0.25543237250554324
3,160,1,0.22773593265396544
62,161,2,0.17903154153709464
173,162,3,0.21333333333333335
250,163,4,0.20459566946531155
92,164,5,0.2050711743772242
55,165,6,0.13003095975232198
40,166,7,0.09551310528653932
15,167,8,0.15333627927529828
