id,stress
cd4ad3c7cbd2,0
aff9db35eb85,0
0a3aa3dcbabf,0
d8b3cd0c3c25,0
84f7079fef8f,0
d234b27373bd,0
91ba7089b632,0
2a3f8983b52e,0
7eeed08a904b,1
fc499c027a42,0
493c0ac22c1c,0
bb8e9eb5d959,0
abf7e4b520b1,0
60754af693fb,0
19aacb911fc6,0
ba3c77d3bffe,0
ee7512128af4,0
541774467365,0
4da162013ddb,0
3b25689e53a0,0
170f95c060e1,0
8eafd800060a,1
d5c597f5f111,0
007cd8bdb5c4,0
71b01339374a,0
b215f324fe01,0
2f303f2ff5b9,0
4ca4c2523e1b,0
dd8c963207ee,0
c49fa52fde14,0
1b12cfd12d13,0
4f56a5877643,0
250c9f683d83,0
333965dac5ca,0
1a47d7ffe23b,0
b2bb6c23ac45,0
37094403d150,0
06a6469d5eaa,0
b5b289dea15f,0
e093ea8668c5,0
0e4e1fa378e8,0
fb451a7b873d,1
edc477553e35,0
8b67af25f310,0
03437d514c6f,1
35e1685cc794,0
abf26cc18ffd,1
706f54f0f9d6,0
3414715f8e6f,0
28e48eb64f08,0
d779896675bf,0
dedea77af013,0
29e20a4ffe30,0
95afc1694fb9,0
3c09d92fc00a,0
003c83b3c526,0
ec1c5fb3ffa8,0
42dfa9fd27e3,1
e9307c645431,0
d85956662456,0
749f4e7c4b11,0
8a6cd85f8d2e,0
2edd73694832,0
bef9df05d15f,0
47ab40105047,0
459ea89bdde1,0
d30b8f2435d3,0
974cbb9954be,0
db70a1fee3b3,0
828fe71395b7,0
e51f5d3178a0,0
0b1658cdded4,0
bdcc83abcac9,0
d6046995f1e0,0
7272873c3ee7,0
dfc5b762d1e0,0
446ada809e5c,0
3e280a4db698,0
294e0fcc6c74,0
bc7e27c8067b,0
0991478602e4,0
2028ca0ebc37,0
e2b1ade15a2e,0
758639609e8c,0
d2b19c9b010f,0
7063689730e2,0
7b82aacbbced,0
7cd5880b709c,0
e9fa26715ea1,1
a8b800cd4519,0
7103acdd64c8,1
3366b24ac6c7,0
2c3d49322fe1,0
8bde53c9378f,0
3c38f8e61702,0
f2c066646b14,0
60536c168bd6,0
587eb03e5ad0,0
f11e2e986cc3,0
0cbdbc9d5278,0
1f104b58792a,1
2b0f05c2520f,0
05d1dc74b9c0,0
c22334573dd3,0
e14455e22b96,0
c3bbc92a6d16,1
e0cbc5a6cdf9,0
0dbebba47764,0
a366aabe9e2e,0
3b1bd522f8c7,0
48c585608a81,0
c8ed01f266a4,0
d9336ac2844d,0
ad9f26e541f6,0
794b896148d7,0
bb3c32ed6955,0
5d602098afa3,0
0f56c23e3e10,0
33771d15adb1,0
468d65a91d5c,0
71401bc57d08,0
e1f5d81c6ae9,0
4edcd8106dac,0
bfb175406d6b,0
89e11cbe5d98,0
aa4a01b24913,0
54bb386289df,0
39866bfa131d,0
0bb0f011d031,0
5c9daf76feec,0
a278c356bf05,0
8ad5db637b3a,1
f0d742215a9c,0
4e846aad91e6,1
045bacdf67fb,0
52d491d34714,0
ebc8c7dd686f,0
c804f99923ff,0
157e7619229d,0
5f56bf7356d3,0
7da97e8ec724,0
068eca49332e,0
3acecacbdd1b,0
bd43a6caeb60,0
7650ce5063e8,1
40d12a09d851,0
13498e48811f,0
c9a853d54f5b,0
ddcb4272bcd1,0
3c53eca0500c,0
ca7ffc29cff7,0
97430eeb25a0,0
575d63b5a313,0
40936a6539e6,0
938234f8c1da,0
d162536a2ec3,0
bf2f04893a03,0
7da2b2763e9c,1
b4d2e31928ef,0
f48b4f0426a7,0
e1fb5e5b3431,1
0f0d4822f96b,0
998d522f0315,0
0ffe953df282,0
eb35cab906d3,0
7e49aee37a38,0
6fcb3069eb99,0
4fa2fcbbebf5,0
0199df5bad86,0
42b638469e83,0
63d13010512a,0
5aae9a31657e,0
6267cff6ad75,0
9af12fd0ad66,0
228c2fd3ed91,0
021913e1b3fd,0
d2b301ef7bf6,0
16c3aa694366,0
8b50b8bb0dde,0
3bfdf5a051b5,0
bdf086b89c94,0
06bcd3733103,0
7283402f8dcc,0
da4e048a68b5,1
ed3661025d7f,0
f22504caeb08,0
7ced1798d92a,0
fc95b9e12650,0
f814f5cdd757,0
062afaa6d369,0
493d8fd004ea,0
8c5bca078cf3,0
329376cf39c5,0
92e47151ddad,0
c226ed8fe985,1
1d2c035e9165,0
807109460e38,0
7cb06eb4d63f,0
769fdf9d27b4,0
ce707349dc72,0
870e1519e23a,0
097aebfca6eb,0
435414ea3828,0
65a307dabd9d,0
133601bb7d2e,0
b367be1c3b6d,0
c892aca217d0,0
d9633ebfdb12,1
06f36542dd10,0
dd66911cdfac,0
5ea19b8b9582,0
50ee43efeec9,0
17d24c077287,0
75725b9f3e86,0
beb001937ec0,0
0a581854982c,0
3866aafc2105,0
29d9420fb111,0
ea4bda0e5a53,0
decd1d8173c9,0
5e10429415e4,0
d4d618c91848,0
5740debdb629,0
167fd48bbe43,0
63f5738d1fc6,0
ca360844ed84,0
82cabeef697d,0
8990a93e775e,0
4234523e5284,0
3adfbea7da75,0
3bacc0586591,0
019685c1769a,0
92054d5c1b49,0
f471ba3e6846,0
a437b8ec4df5,0
2ce5c6a51c37,0
e6ea4afc2a0e,0
d6605c365647,0
f81210b9667a,0
72738ff6d31e,0
d2f20d09a6b5,0
bd301ef522ed,0
2dacb495cc13,0
01152d611da5,0
f26f73fc0d1f,0
71de65db274f,0
b8a9d6a2c82d,0
b4fb8071d6b4,0
ccabcd357879,0
74a37aa069b8,0
5c679b49bd38,0
782a87cc8d26,0
487f0ce0208c,0
611b6c09c105,0
809c4be82686,0
dea46880e72b,0
49077eeae188,0
6b53ed6fd719,1
4457adc1419d,0
7a61262283a4,0
c9604901ce6d,0
24194ee46eae,0
56c7a30ca56a,0
ac4e08ecb3bf,0
55a193271da3,1
a8330517697d,0
b4c90f2a713e,1
02e64e42c33b,1
fd6eaa2e9b5d,0
2d886d7b99a1,1
6939b1baa4cc,0
6b31d518fd58,0
3d4269e624e2,0
b7501c14567b,0
4ab2865819f4,0
b7a88d372ae8,0
91f73d5b29fe,0
57a18930c84c,0
003bcdfe2eb7,0
bd493611cc72,1
10073e346374,0
3674ccc0a1b8,0
7544a53af727,0
72d06c9d7363,0
e2f8e29d5eb0,0
f796c91cdaf2,0
c427b95c8a0b,0
fc5b19f7fa49,0
a7e696a0be6f,0
141b09453a01,0
c4174de481e3,0
a8a225bd0aab,0
75b994797a8f,0
441e5709f132,0
e0a5f84be89b,0
2e3112806c0e,0
6b9923ef7219,0
b4621c3fda6d,0
c43817e18fd9,0
d28842b521fd,0
b2d68cb58e19,0
a39e1d1ccc3e,1
8630181bd794,0
ea751599e221,0
bc8159a753dc,0
37cefcc45af4,0
bb7cdf4db9ce,0
b792ed7bbe2e,0
8479e5820c3c,0
f2d007d89baf,0
d543af9d5a28,0
dc4bb2a22a2c,0
e628c7001d9b,0
3f6b2f1dad78,0
b93260ab0da6,0
a2ae14e0860d,0
f36a3efee779,0
fb659c2c900c,0
b8b17439ebac,0
8fa6452319c5,0
63b29f558295,0
52b4de9d98f1,0
98a314096fbd,0
d51882526f98,0
5f218087ff3b,0
2bed765667d1,0
d627a55ec3e3,0
4544c47ec347,0
2a281f04acc9,0
f936cadd13ac,0
0b30eb209cab,0
1e2e6401f5f5,0
e1800d5fedf5,0
226925bc7a0e,0
2b73ebd3a8b4,0
39471a05315b,1
ca4ddb3efd52,0
5ec88163157c,0
c4d53adbfe17,0
078fa9d45786,0
289ecc782443,0
fd15c3f95a91,0
f63c37608ac4,0
36afa5917900,0
b06e6fad7945,0
8fe3b7a6705a,0
521327fd2b10,1
a718eb7bccc8,0
6f089e780242,0
d08294c94a56,1
89ce10ec57c1,0
271132b422b1,0
be69a037c03a,0
349207778e95,0
669bbc1ca5ac,0
3c2438113208,0
ca7ad1969f49,0
af4ede101ec6,0
ce1b8620be79,1
2b1d4ca227bf,1
fb18bd824e0c,0
6076faf34703,0
b9e0c6c98caf,0
b65e571dafef,1
1462d02a6722,0
de405250966f,0
512ceb2c1eb4,0
d4acee5c5233,0
c67544581120,0
b3a40063a19c,1
a60a23aec96e,1
6643fbdc1bf7,0
17fd111ba6eb,0
d2810c329c9c,0
4ab5692f924a,0
33878f323cdf,0
07970b0ba1c5,0
7ffd84a71e6f,0
c112d83368f5,0
b387c7e8347d,0
aa3720ef2f73,0
83a32ce8bf64,0
21991434616d,0
60ad47ccf4f7,0
9241c5ecdb10,0
cf1093ace989,0
d12f0de316a0,0
bd04e9583418,0
2c11cf6d551c,1
9511a48afacb,0
800383a1bb95,0
e2d0c493f6c5,0
4e9d378d5fd9,0
aec3894445e8,0
863c2b5ac368,0
256bdf772296,0
0a8b629039c1,1
6a7b80138a68,0
cb6c11be5f0a,0
af5c4a96921f,0
1532dcb95848,0
b5fe109593b1,0
fbcc006795a6,0
4f68ef55b8b9,0
d898ed8e37f8,0
97a0ca20f570,0
6e81429ff7b0,0
ae543178ebb7,0
8d0527c3dfd3,0
6883d4813f73,1
ed1940e242bb,0
5ea931db8cda,0
1c48098b08c6,0
103f43fa31bf,0
d3bedef7e7e2,0
0f1abc0f35f7,0
175db4eeb0ae,0
d418015a4978,0
ed81aeb33144,0
8001d49313b7,0
1191ee5659fd,0
18e75fa9130c,0
d3fbc8cb47b7,0
f36fcdacfb71,0
99e5882f80f6,0
d86ea47c6f6c,0
7b625c4cf25a,0
25c797481450,0
eff4b8b90ab0,0
532351294ffa,0
918389662c7c,0
ac94f746fd46,0
e91d80f6c747,0
2f175070e0d8,0
2b999d870944,0
1cebb11ca830,0
395115ad330f,0
fb4662839ada,0
bf3f75f928ca,1
b4cba42ac1cc,0
c50c561f3ad8,0
c42f355deb84,0
9942966ec38e,1
98e5f4a4d89b,0
2cf84ec26e90,0
51b692b7e228,1
22c5e80efe04,0
f20917817367,0
f698cc573063,0
5f596f6ba922,1
8ef3e8db49e1,0
ba9d4b3eaeb0,0
4abd64e0cfe0,1
7d42fa992d89,0
cad20374259e,0
7b5388f8437d,0
89df4793d4fb,0
490836fbccfd,0
53dc2134034e,0
f9174688f7ec,0
a835486afcc6,0
1495f74b4837,0
60f9355f52e9,0
f33fb750fb34,0
cff02250491c,0
3234d51f0150,0
7ec162bb153d,0
0348f52a12b0,0
c942bf7b32a8,0
104e345b9705,0
7097728df5a1,0
f8e0ce2326cd,0
5800572225cd,0
f48cc71e163a,0
c6ed47a4aa26,0
e3232aa5001f,0
c47e0b6ed7a8,0
a4cb83d6ec27,0
6f355dcabc29,0
aae2b4acf452,0
652b1b73d04f,0
ce5563435bee,0
d3ff7c0fbfcf,0
f64eb74f6c26,0
c1aa45bcf3fc,0
4e9268caf64a,1
a7c42fea8d20,0
65d9cc8ebe86,1
b02e5ababac1,0
087f6e268b14,0
8c5268e8af8c,0
baa9293bd3d2,0
fd63759c7ea3,0
4f0f19ead8a7,0
ee5bf42f04d3,0
722d8a651c18,0
1412d2b2116b,0
728995316913,0
b4ff17065657,0
6559f4960d15,0
fb955f2203a5,0
ea4ded239e39,0
3abfd63e450a,0
4b9843c872f3,0
5c58c9645931,0
498938f1b4b3,0
449c2dbf4752,1
06d76e78ad5d,1
b9463571c8c6,0
356277ab349b,0
8cb8056b7e1b,0
c3e78b997854,0
c4830d2e53fa,0
868ecd5ca126,0
6b9f1f56c72f,0
433bb1ec785e,1
3055a536e932,0
dceebc76e44b,1
9fc80dced7b9,0
c4b596e4ef61,0
ede7a776f92f,0
a0fce84c175a,0
c49ddfb9cae8,0
e456462b1537,0
31a377b0b9b3,0
5eab66f156ae,0
336c78444d02,1
e1b8deea1a67,0
3d9d0ebcb37d,0
ff8c98439a93,0
877e4c08e0d0,0
0f314273cb60,0
85eae1d22a01,0
8d224a38ed5b,0
f19100af37ba,0
0d86ff1cc37a,0
129b9824bbca,0
9a68e3e5eef2,1
fd1b5ef1e7b2,0
bf772de46402,0
f0b2d680fa83,0
4c7e7fda9337,0
76befe89979b,0
b22624c9b051,0
7eabb688648e,1
fa03bb43d314,0
2d71dc25cd87,0
dea528625c15,0
c3c8a78385cb,0
0c1a541d91c5,0
ee552fcc4def,1
4842b927204c,0
fd4d445580cf,0
ba39c51c880e,0
8349f1c6ec86,0
c0b24faaf2aa,0
2a00e76177ad,1
e9e10e244346,0
81f57d261b4f,0
947038d7e2af,0
729834b23c0e,0
b075fdf4beed,0
60567fa30810,0
d304e5f469b5,0
fff1de5ff0c2,0
1510894f15ab,0
1912aad9948c,0
bf4a022f1264,0
cb1af8b2e5d3,0
fb697bf55df6,0
7188ff429690,0
dcc0fd96717b,1
b3ff28b99a16,1
d7292601ddda,0
c389979ae149,0
96020383c2be,1
9acd30c33db1,0
03ba86a44254,0
cdc2c22cb97e,0
8b761e54a06e,0
46c2dd5634b3,0
a38eec2f900e,0
11a71d343db3,0
8c241967faa8,0
a3f24372f7a7,0
1e6065d418c4,0
33458df0ebe5,0
30d0e5938278,0
5f6271e5c6d9,0
f3a63d614265,0
02df47dd2042,0
7d6ae3f876a7,0
483f6d0c638b,0
39a48caf8432,0
f40d1abfecdd,0
7ecd4d2ffa36,1
48b1a7743131,1
12811c481b13,0
bee303c4a151,0
e7052c3c6762,0
d0fefe0c89ae,0
044611a202cd,0
d02927eb6778,0
dde0b2404955,0
596db41c7a76,0
cdaf3ca12ce1,0
e981d1be358a,0
20f93bafeeb7,0
f062c9d62e1d,0
8f2e9af89ac0,0
7140764d19ee,0
81d603daa4f3,0
4850bed03b93,0
8111ff8d2a29,1
383d6b2dd1ab,0
5e579f58d812,1
e6cdbe249d83,0
7c704180a5b0,0
1131152e5cd0,0
e8dd66f0da76,0
812f13d941a9,0
09bdb5b9150f,0
179bdeba0c9c,1
385d78a902f8,0
473f5e79ba77,0
82ad8252b18e,0
31f4b7b45397,0
c2aae6c29ca0,0
59a9af586f2c,0
ff79548b7b0a,0
b2d7f675aafd,0
9e4df50bd0e8,0
78b818dd5fe9,0
d8e2bf827d17,0
63669dbbed1a,0
4434c19f50ea,1
558abcccd522,0
21c22d7fa382,0
c650229383eb,0
ee160fa3144b,0
9fa0b279db20,0
1ca1acfbca0b,0
06f3644f1213,1
e2270725f65f,0
f4973cd7f4f1,0
ec66b933a469,0
e00a7ffd2f13,0
abd72c09cc7d,0
2884eaea6442,0
c28f10dd485f,0
e58b94944c75,0
65ca75976482,0
d721a866472b,0
ffea031fe6e6,1
d76254c79e7e,0
d06bc1ef5441,0
4e5f94d64b05,0
9b2b49599383,1
ab00e6cd8adf,0
56d34c8b4ed1,0
17f91cd06fff,0
a40ba9fcffe9,0
2b5ba9e284dd,0
4bcdbe7aa167,0
fa691a9dabf7,0
299126866d6c,0
76f89801955d,0
e17e6ab2a747,0
f2847fc9a134,0
62aabd474e1d,0
20919e159dac,0
45d7e4f712fb,0
3b7c9a2e980d,0
25089dc1f42e,0
6a2913bf023c,0
8d8f849a4feb,0
911d03f2e183,0
ff12fcfe293b,0
a6c0ec99664e,0
f5e2c776252d,0
1fac45bd9fe9,0
8141e5771e13,0
e5dfd5763ef1,0
02bc84e39b61,0
90369f6c3e42,1
4d6a5e824928,0
3677edfb98ac,0
dadf40d1186f,0
06b3451cedd1,0
d34c6299dbcb,1
21004d87be6b,0
3ce19ba7c760,0
b409451de1de,0
339a65eee73f,0
8e95dee3e66f,0
6f9fcb800a78,0
30fdeb81bb69,0
2599ad0dfb99,1
30b41a4a200e,0
540c341de8e5,0
4c58866dda25,0
3e14685ced49,0
120c860243dc,1
2bd8b91b4fa0,0
057b48ac9b07,1
ccf240b8a310,0
c9881ae46aae,0
d53fc5f353db,0
2c8e4b999987,0
3d931cb77b6c,0
1d727c11b4a1,0
3d9d5f95b10e,0
995c02453f22,0
76a474c026da,0
35dff8240d3f,0
f43525bc7d1b,1
cb1a03dcb9fd,0
8c36cd1c0a15,0
c8c5c63483fb,0
8f5ddb81191d,0
a80b9831258c,0
3e0df4d782f3,0
a0ed6dc07c7a,1
0d5e6fd38162,0
fdbf30308caa,0
29c20e6a6ae0,0
1f9610daa531,0
2e2900286886,0
814dc2e9e4af,0
7961e223a9d8,0
7407ab64d6f6,0
5079b871742e,0
7efb79c8b2d5,1
088b7eb9f010,0
ebcc78e15cb9,0
01515e254d1a,0
d655b911a875,0
910cbbdbfab7,0
5473fb3d0b00,0
48609f536aba,0
b7725bef646c,0
0f41809925d7,0
ae59754bd4d8,0
fca9a3d69620,0
d0bf2b503038,0
f5c6770fb363,0
5e2446e1023d,0
2da759adb967,0
2fd1a726de5e,0
b7c4a6ba26ec,0
0813f8463d57,0
5c3728a8e41e,0
17e26466b208,0
0e4c79894a6a,0
96ffa53e7034,0
89b63840be75,0
add1a59f6828,0
4391a7c87b52,1
544dbba5ae2e,0
750bf8a55ff2,0
a6921d441854,0
fb61211bc735,0
bd54cc6b23b9,0
706e73889ec8,0
af4c5c41cc2c,1
dacc70acbb53,0
b6695c507840,0
3c568abc0177,0
339a6635dab8,0
1d49c9eaaebb,0
fdb1a40bd3af,0
c4214238bb9c,0
857af8d00a83,0
a6864b88d728,0
f32650359757,0
edc650785a3c,1
3aea73b886d0,0
5723c8d167c9,1
de5648e1869e,0
f5f43e407f87,0
07bd3a038784,0
dfcb29e1cfdf,0
9789c2de998c,0
76769176594d,0
74703b8501e4,0
0c4248f38e20,0
a5a43760372c,0
7bef9996841c,0
71fd8a9d6772,0
befd4070fedc,0
a9f0c76046d7,0
a312a12da826,1
14c3414d215d,0
791b52ded826,0
3b717d291f4a,0
88bcb825868a,0
c91fa953d41e,0
68be8a2c5a7e,0
d71fa2b833f4,0
3c3e1ac64643,0
3ff29421a98c,0
4c4247fa3281,1
5229ef99932d,0
4e1157f9eba2,0
85234a1fae86,0
f2847c36188e,0
dd87f21eff92,0
4214410616ad,0
124c34844cce,0
bb5d340ed9ca,0
e0823705f479,0
bfc6ff499b90,0
94545ac70976,0
d9e328124416,1
5e9ff218aa1a,0
89aa446547bc,0
f7b2a1564bba,0
9ab249a52f13,0
0c1821c4d2d5,0
dd462399a4ba,0
ef1cb231b654,0
3df2f035f8ae,0
562e234ef69a,1
1975577c3699,0
26ec0b79d352,1
ddeccd04931e,0
e97fb7e0c056,0
8ab40fbfe7f3,1
7e2ffb2ca137,0
6abebcaa27f5,0
1016f1e3608a,0
b71d0477f847,0
de2b58caae0b,0
417e5d62c729,0
9d1a8953eaf1,0
cb96f2652680,0
c024f50c2772,0
e3016edbfc40,0
9a76cd6fb82a,0
f8ba90698d6a,0
f4b806fd38c1,1
3342c4c3c66a,0
02b9a73f266b,0
671648b4fca1,0
09fe44cd1a40,0
ab9083a48d37,0
229848ed89e7,0
93d1a887ad4f,0
8c91a07fa2e6,0
a33fc4a1d03e,0
255bc820752a,0
33cc8756122d,0
fcc9bb1075aa,0
456c122817b5,0
2fbe45454d27,0
478bbcf9427f,0
f53b5f0354a1,0
288ddcb66552,0
4e121343c85b,1
2fd2591bbdbc,0
d0a7727753e5,0
5cf9f8731b63,0
c48ba405a3bb,0
8394a0449eba,0
bb5ed6026fe2,0
f2b24b931086,0
7f66be108905,0
12fe7073b1b1,0
97248801f8af,0
b2815b76708a,0
dd086a863d37,0
ee5ea0ab27cc,0
989f34813595,0
64a103953a8d,0
b6d3dd1a2061,0
6e56bf94104e,0
34088b908b0b,0
d5fa085e3e5f,0
403acb0d2e52,0
214d0ad7b17b,0
93ef7a5d5039,0
505b24c6fce5,0
d48396e2781b,0
05d4fac64b0f,0
57c57f31bafc,1
479a448df456,0
50f357c92e4a,0
8805f0e552f7,1
15688495f68e,0
179a6d6ddf8d,0
4a97d1d4386a,0
ba5b53248370,0
b216f828920e,0
bb3c70cc272b,0
52501b5e1d99,0
bd881caa9052,0
936bc15ce445,0
2d485d6d36d9,0
133bde0d25d8,0
3aa7f9f906ea,0
778895fad0fa,0
73b7670551d7,0
06e55e68de52,0
d626bada2e0c,0
2e2ca3795795,0
92c2745dce8c,0
6ae52cc1f54e,0
1e995c06c791,0
2ddf71617930,0
de2ee8b064c8,0
57b95d8e52e0,0
4967262082d8,0
0fec63bf2642,1
2a503f348294,0
ef722273e4e2,0
1648cd9c7ef2,0
be66e0e12987,0
a5c245b2e538,0
04adbbe97ca1,0
06a2b75662ec,0
aaf2a0c36bcc,0
daf91d9e4785,0
fb8a5b3ef95d,1
4452c98922cd,0
c71e68819170,0
c5180619fa14,0
7754192ae971,0
9e5ff334bd5f,0
f3206f57f138,0
9ad12d34118d,1
a5c40c863ca8,0
4adc993fc45f,0
44f8a658e0da,0
d2894be9b1a1,0
b6a885a37b5a,0
819874816a32,0
0115b9ce2510,0
58ccc87ecc27,0
6988c485553e,0
39998eee9e2e,0
022edc2841f7,0
7e8f1edfc15e,0
7b0284b8d37e,0
9840f6517725,0
1afe6d78a597,0
3c3e15636390,0
19e65bf23f90,1
b9a8076834ea,0
208d8b4fda00,0
552cef8cb951,0
123c888eb78d,0
beb9072fe6f8,0
b51648b33c45,0
294faa270aff,1
52e0f5d1aae4,0
113a33b7506a,0
4ee1a7128934,0
85338fb15280,0
e954da47198e,0
883f68a353b8,0
a5a1adb8adec,0
7976bc12b12e,0
c3016875398f,0
0207700f6643,0
f38a36ca1b68,0
5c71a45f6178,0
b59a70173f3b,0
b5446e5d2839,0
10eca6016ff1,0
6b5f210097c7,0
ff3d4c568a6a,0
82904949906f,0
6c77d9c1fbd2,1
d26774087586,0
7901d22f343f,0
fbe59261369b,0
83adecd10fa0,0
a1692d8c2626,0
e2b75285790d,1
ce0549cbdc9e,0
e3702141514e,0
87da4e73a718,0
92432ba08a86,0
1c4a6b6a6031,0
6bd1eeee7282,0
14e00775a77a,0
26360d447134,0
8847f593d307,0
e8eccb755a6f,0
b128132b42fc,0
882601cf2246,0
a3ecdc287748,0
07e5e673b67d,0
c99150f5eee0,0
3407ec54be6a,0
d9d801cda0c5,0
8c55468e2b8b,0
b95dc8f8d82e,0
0a8a0ff6643e,0
bb8b1807aff1,0
390f4d8916e4,0
8d7f076ac4f5,0
fd35e9b883fd,0
33fbf67bea88,0
0b055dc11074,0
54de7f4c319b,0
fa82bbd8f220,1
1043c32cef87,0
a630b1ff5382,1
b95c46d24844,0
a36145a81164,1
f7e5ba78b2cf,0
35b5635ddab1,0
728db0eb7d00,0
e79e820cd8c9,0
b5ffa59da84c,0
490bfd9b5853,0
7b24b6dfb210,0
158b9b99a4a2,0
140529565846,0
abd023b458b3,0
61b2f97e2f30,0
3e500ca98561,0
94880edfce9b,0
26d69065eb96,0
a0b9877af6b0,0
72d96a314267,1
5b28b980571c,0
df8d7e7f2b47,0
cbf75bba3605,1
6e851309ac02,0
d1f9ae7f81e1,1
e2f89e30891b,0
42dd4857cac6,1
c742b60937c9,0
e71c3f706456,1
b1cf02710673,0
78d6d6ab9d46,0
1f07b955dd34,0
41473d2a258c,0
1b8859fd920b,0
46439d40b92d,0
500f54c21890,0
a5024e2ad9e9,0
167b883db53e,0
dab47ce68918,0
271e2266550c,1
b55dccbbf012,1
4df962b58cb1,0
be0584ae5b01,0
753b8dbbeefa,0
d2dcc88db600,0
57ac397a9051,0
31c0ab059763,0
0d4449d5b100,0
bf77646a1848,1
27b19c332f91,0
4fea60b97295,0
cdbf8bcfe424,0
920c5c3c99cd,0
2dc1f07472bb,0
92aa0dfa5139,0
f30c5ddbd315,0
1de9cf2ead94,0
2b9909cc3f43,1
bfca34d6e7e2,0
4a6673f945cf,1
d6398bad9b16,0
d411bc5bd169,0
9a5c035eff74,0
6d953f3075a5,0
627128a53903,0
56a8ae1d07f5,0
65b3feca2bb1,0
097a06bb0a65,0
3b84a78c74a1,0
c72e9165c3c1,0
c9df98e4b6c0,0
53417efe9137,1
6dd873a2f5ad,0
7b78373f97a7,0
9c7eb94aa2d9,0
c96d724ca743,0
8105cb533f0b,0
96ca928cc992,0
3deadbdb9e01,0
b314e5c22e6a,0
856dfc5dfa17,0
b4f8f1ac2573,0
6956f621eb67,0
0dbd672a6656,0
68d3bee19013,0
b21b30493310,0
73e15c59c021,0
edfdd15da6f4,0
7ea1ec627da6,0
e20c7108c6fc,0
cccde7819042,0
c6866a9b1599,0
f199bf4f9458,0
3ca2de4ec568,0
d77301a8a066,1
f72dfb05f61e,1
bbfc737bf235,0
6e29cbffa00b,0
0dea75439537,1
0fcd96ec989d,0
9154e4f5ea7f,0
b081092ed4be,0
d242e6ad4e15,0
8d26dc8c7cba,0
76466de13247,0
0bf9f63f978d,0
e141596dd89e,0
6d27d86631b7,0
a0de8a0aea6e,1
1ca447f79d9e,0
d65d5472f4aa,0
ad3ff5ae79b5,0
9c6284573de0,0
82a78b21f4b4,0
d576dc2a2625,0
8916c20548ac,0
73e9dc1a97fb,0
4bce19b26304,0
8d05533ea431,0
e923fa4cc521,0
3543426c1762,0
fa9fbee9aca7,0
d0a1c4624ee5,0
9bbce0fd4a6c,0
03ece15c001d,0
e5135c34a34a,0
5f0b6f3cf6d6,0
435516d8774e,0
8c94b794e82d,0
5c3c58485e5f,0
ba86d6e53662,0
62d5bf2ad4fe,0
452f20fb0a54,0
f7b51ed4e592,1
4ca3bc24bfbd,0
7982f62a621a,0
95de199c785f,0
8f6fd59a7eaa,0
7971f6842ab5,0
ddcb2f1c2500,0
92d0b19c3276,0
bd3a30025ab5,0
dca4b40825e6,0
98e0c8240fe5,0
a611dcb3b7ea,0
6c6efd4290f2,0
46b93f253e67,0
53d421a77708,1
b6e640f6eb90,0
cf4ae377a9ad,0
f4a023e0984d,0
20dc85671d67,0
06d71d0573a9,0
38ab52f033ca,0
9d3a1cae1ba1,0
b8eeff387d85,1
ed06a4b739a9,0
5074c30447ae,0
4553f896833a,0
3b656861417c,0
a4b90ba1bb25,0
ecd3a2b91cb0,1
c275ece2c010,0
431887948a8f,0
f3426534ccfb,0
650a6d937063,0
f092cfd0cd14,0
7d703ce40f9b,1
259ea541d55b,0
4f649e0398fc,0
d652f01109e0,0
c2fbb74351f8,0
e21ff29211bc,0
dd0061f067b1,0
8146f9d22270,0
cfad2dcb3d0f,0
48a1e80565bb,0
8cec841e0b2b,0
4949aad3acfe,0
51c46be2ba56,0
c4135e76f3bc,1
a79b74f31217,0
267d74e0457c,0
8ee618134a7d,0
b7fa7613ee82,0
97c4fd1b18c7,0
4058a450836e,0
2e89d49fc2f2,1
c4d467ed4efc,0
13a7269c64f8,0
f302e401fbac,0
bbd07092252e,0
16a78fc5ec8e,1
36e4b40fb733,0
5b4ae1bf5c46,0
09443c9cb786,1
1c1004ecea58,0
f7f6a16a32c2,0
d8f689b892cb,0
7db902da3ed7,0
c155e12d2397,0
6f7362ba567b,0
d6d9d771a3da,1
0848431fbdd5,0
c4b744c0ac29,0
5c887477584f,0
766e160f0965,0
159a41a87f9d,0
85e445b663be,0
029fb3bc7490,0
573331ec7b92,0
cf75368bcc08,0
bf665b601daf,0
2482f49a7ae5,1
86d422b6c536,0
809668a06d29,0
8c0e8f9f637b,0
7d92a7bc856b,0
3862d38e1ebd,0
17b379381726,0
b01c3703fb7d,0
e58d2e9dad40,0
7825722f885c,0
2cdd6f82726b,0
82f074604f65,0
4111c8d47510,0
46041d758ed9,0
58db4a3635b6,0
d7f66d0911b2,1
d34b7d4ddd97,0
38303aedc936,0
9b4ff3884915,0
3fd857f444ba,0
fe5e843a0e51,0
d4e8aeabe960,0
3dd9d4946ad5,0
cfed0eb6f37d,1
6e0756ebeafa,0
4cdcfa93acf8,0
77d400c182c9,0
af06db5da179,0
a0a88c3023df,0
6f2f35bcf35b,0
e9880428aea8,0
6e867fd75bb4,1
fea0836d34f0,0
0f9509408cf8,0
9485c4f63930,0
56dbf676ec73,1
46562df2f6f2,0
39a805b32ec5,0
b09d18bc4a04,0
88843598c2a3,0
94211c5d4592,1
4f20bd3e14b9,0
430d8f7be657,0
6722a1f0ba5c,0
af1b1e1a2482,0
d97674b93b7e,0
a81dd850e44f,0
cab64dedc05a,0
1b18c71e6916,0
c8aab689aa07,0
96ad85f78eb9,0
99d8b587f254,0
173842a0142c,1
37422717733e,0
5134b9706d38,0
9c5d41fc8b5e,0
f46dbcd0ffcf,0
79be24fec8f6,0
2483076886b8,0
f4ad49551cf6,0
ac4cbdd768e9,0
0cc5146f2efa,0
ba8aec9b0cce,0
2ae5f31629f0,0
f7d4a599e9b7,0
6e24eb9e545e,0
09acc8cd57ba,0
1e66947ecd03,0
de2985a004e1,0
fdc8b422451c,0
9a5ce25f4e25,1
ed8f632eb3fb,0
7079a4f613f1,0
5dacd5c3fab4,0
24c00c982472,0
6989f0b64351,0
3cf67b39a2e7,0
718bd36c0532,0
12ef4331aa14,0
73a4ba759721,0
071d2626a510,0
bb365ac2c153,0
d3510752e43d,0
ae827896907f,0
b4b2fbebfd82,0
3d888a81ebbd,0
9568d0775696,0
f248348110e4,0
430f60a62100,0
680f4cfad75b,0
8fe8ff6b5a0c,0
4a716c5f5b7a,0
fbba8fe16afd,0
6fb5725eda07,0
313a2ddba11d,0
41d3216522af,0
6fd2454edae9,0
de615d3a80fb,0
c16b97b222be,0
13e92f32a60c,0
3723ce24e4dc,0
5f37a2c8bcba,0
3965fe131614,0
58987fd213fa,1
832f6a126c06,0
60fbb7dbf816,0
4b9a78e40724,0
29c1cc73ab5b,0
df70760c713d,1
695cbc71ee7f,0
3d23fd9d87f2,1
4e4a77962bee,0
1e19a3a24449,0
acbb7aecd337,0
c9fd839a8c24,0
20b5d86f7693,0
a1f8836034b5,0
8322f78ce4e1,0
8c16fda9d121,0
fcedc9431d01,0
87d26c23cb57,0
43ec5f618abb,0
1ea34061ab3f,0
e97ef5a14892,0
2c8e5e2d7760,0
699b6c241d91,1
51f04e509389,1
3859c6f41bc0,0
bbdc7d7e0141,0
10962230d713,0
31604ba55a98,0
ab8dd8480d1d,0
e43b308ade69,0
7dc563c857b4,0
5dcb7e79f11c,0
ce9531685c6f,0
bee5066723f7,0
94bb797e20b3,0
654886fba40b,0
28c770dbc428,1
ed5227674248,0
fe808059ede7,0
2bb3cd68bb78,0
48d6d0b62d99,0
9ee3fd7373f6,0
53b80685aec0,0
f8234f25b52c,1
4cbe914f7b6f,0
3edb13db4c37,0
20624fc98c44,0
7607cae20a72,0
8b01eb710c53,0
18a270abeb76,0
879822c5bd9f,0
ca8a76b3650f,0
d83e401a6ef6,0
0408c042fc4f,0
7163d854324c,0
1683a63703da,1
8db7dcf74474,0
0ea3115950c2,0
6c854be214db,1
9f33790ef750,0
0b2eb3be4702,0
e2878c4735a7,0
07c3af66e3dd,0
a3aa31bc5e58,0
faac370e6662,0
a5a2c6df4fbd,0
95f3802d5934,0
c882fec38ef6,1
cd6be954329b,0
54c4e769a496,0
927ddb8d1111,0
15728d5177a6,0
cb0bb916a284,0
206788e39f4d,0
89a4b80d21d0,0
36eada2b9bc6,1
1ded0f7ec19e,0
2a396e91f6db,0
daf5cb091740,0
fc53b210dc55,1
522016d3c6af,0
18d6a2d39d71,0
05d716d47382,0
fa520ffc3e92,0
786d19126e68,0
8189cfd469a8,0
f561e9b9a363,0
620b4baec992,0
f42fdc42bde3,0
5a3c5081f5ef,0
a97c725c35b0,0
df51b173e31a,0
21c8e66a6887,0
814888d64b5b,0
c397bbc15f81,0
8a6ea5acd772,0
613c3dfb080c,0
d18130fd1902,0
e23a13e8ad68,0
e02385a857c0,0
0afddc712a0b,0
072114d5bebd,0
e47fad3486c3,0
aa8a977d73d8,1
d78bc4220e48,0
aa79649393a5,0
433ca6c2c6d6,0
cd778b340be6,1
9b229968e67f,0
3a51affcbd00,0
857a2b6963a6,1
2d7ab8e212bc,0
deb523d5a8b3,0
393031da8eb0,0
eeedfa0409be,0
ead586792d9d,0
896292a6f6a9,0
e14cefcf23fd,0
b4321ba6f1d1,0
45085497febb,0
34d33f2d1416,0
1a903a1a3e9f,0
3b5142729b38,1
496baf7edceb,0
387d86ebdcb4,1
b7311bfe9589,0
b5527a1c5672,0
c1b38fbfd063,0
2f5180e534a0,0
0e96c81b9f20,0
bdc82ad0778b,0
77514a298be2,0
15fcd26ecb19,0
d7e8b8be7657,0
51b44b0c4f9e,0
4baddb5ab1f1,1
17ea8292bcdf,0
e149aab086be,0
cb5e42cec00c,0
e44dc38c8c95,0
f58108083d3b,0
651c47c29853,0
a602a3de58d2,0
046f1185689b,0
7727d9d4f3c5,0
e6a342f0d408,0
f13722c362a6,0
777cf283b68c,0
796630ad89a8,1
c04a97030139,0
98b145d63b7a,0
0bc63f95565e,0
07a19ab692eb,1
f2b09109338c,0
1d43af5f2acd,0
38d4bcf804bf,0
cdb2e846674a,0
12ec77c2c764,1
f7e8e4255c55,0
c0b2e63c333c,0
9bdae04fbcc4,0
01cf816b97f7,0
25928a238664,0
72390c014d43,0
b3091b0aa8ac,0
321e2a65cf9a,0
dbc6640928f9,0
729fcf6b1951,0
67c3f0044d62,0
c5b189178eef,0
86503a6a4842,0
5eed67bcc646,0
241c15a726f1,0
099294ae6680,0
62332697a11d,1
a835bfdb0aa9,0
337d99987cc9,0
9e44bb90b586,0
324b2ef944d2,0
173b2a76f078,0
01c87f3b4e97,0
6b8845811b9c,0
a50ef92361fd,0
f3dff368c38f,1
d1524586548a,1
3ae70060c203,0
d1d5b9ac7615,0
0392dff24f19,0
e3c8465ff973,0
5767e73565ea,1
c9cb085d8e67,0
f9d11808efd9,0
2ba52251573b,0
27de21bab2d0,0
73cc65a1d375,0
7db42a1014a4,1
cfd2855e1dcf,0
2735223193f0,0
fb909b9af975,1
0b5f3db8fca6,0
fb96a8af1522,1
0a75400f7c23,0
a205449ab768,0
e042f4524ca4,0
7cc365e2e4e9,0
ff24d9f6785a,0
c32bbc04cdca,0
a5acbfbe6f5a,0
7ce5fdf3390d,0
7c36df43d31c,0
c046626aa6ce,0
3b36c547d059,0
a5e0a9b950e6,0
0e8309569d58,0
9815c0792082,0
28a162e13a05,0
90d2f46c5cc5,0
0b5f18e682ba,0
099b13414d2c,0
675b0becceaf,0
006f015ac6d7,0
3e50445156dc,0
c8c837b2f0af,0
ed05614dabdb,0
fdc5d3353bfb,0
4c3362e3eadf,0
59ab992e93d4,0
b64ab4030af9,0
9385d88deaa4,0
049713d533a1,0
652cfd04c257,0
74444b6ee15e,0
9fe9b9d5524f,0
55996adee9a1,0
6344774ade96,0
3e863f39a51d,0
faa34cfeb657,0
1694bc6eeb68,0
e33fff8cdf00,1
863d015ab594,0
8a61142456df,0
2c4ce577a459,0
666942d07d36,1
840e15125434,0
0734e24741a3,0
83cfe6cf1092,0
3e91f3bcefbc,1
84299bfac4b2,0
782059686a12,0
86bb156b517c,0
79dcee0e3baf,0
de7d2f9b7701,0
8abda2af378f,0
32b96d1cf14c,0
01db63d9854a,0
1968d1124106,0
570ecbd71f56,0
8b5468853dfb,0
533e23df857c,0
44bf4eca977b,1
12dc8df8dc86,0
1669b3456011,1
dbc9634a8f95,0
c7049b4f4d5b,0
cce42b405541,0
d8ff2e2be5a2,0
8c218a01f43c,0
36901ab25397,0
78c299d4eddc,0
47d54e1a494f,0
3d0dd60a5b9f,0
ac457458ee18,0
ab6c7fb326b0,0
2aa61f8e73f6,0
c06fa97ce6be,0
7de8f3ecf07f,0
53dd0bb46dd8,0
f0d821656dea,0
7321288f1138,0
55a069b2fad2,0
d38023ace8ea,0
db09fa56b4ff,0
e7cf57f7e2ed,0
c4b0bdab20d2,0
42f8997787f1,0
282b362ec9e7,0
30acc4d3d99a,0
94eb393b5f9c,1
b40daa2822d2,1
236dfbb49f31,0
c664484fabc1,0
65a626a83cd0,0
256471c7f4d7,0
f53bce1878c9,0
d0c6f66ef96c,0
23431f777a6d,0
0e4cce80e00d,0
47e3093d05f0,0
2c1035c9ff98,0
cfeb98538b7c,0
46081c483950,1
3e0bd74b1124,0
cba894ec0ef2,0
563767456d32,0
df824e68f5fe,0
23be96ea86cf,0
de50c86f33aa,0
9b37ea3bc3db,0
dcf9890b9af3,0
6e8bae13a92b,0
9ffbef6dfa4a,0
f8bf0e526cd1,0
3c833d6c7f4d,1
8826b03a0c1a,0
0eec3725f39a,1
63682872c254,0
5b8af1f1915e,0
ac869c0ef5f1,1
db5f06e259a5,0
b8ea3846b734,0
c64b65750102,1
78f845b5b0bf,0
55ffa1fbbc4d,0
6357aca3e234,0
9cfda63a8f09,0
8798dbb46544,0
e2338ca01c6e,0
d7cbf2d40cd1,0
99cefb5359f1,0
0525a6d971ce,0
6c0c3bd84e1b,0
fe6ad9695a84,0
1f1507ceca96,0
4536157fcad6,0
aaa086efd78f,0
326c8880952d,0
ecfad4dfd6cb,0
070bb1505e2a,0
9a2effc9654c,0
6bbff0f372ea,0
dd6b9ecb85d0,1
495d07e68b47,0
a1eb8167a0be,0
b35c77dc444f,0
7b2f76bb123c,0
8358b9365bb6,0
b440e9b1402b,0
765b4e05d6a2,0
95f4b4449587,0
cf208887843f,0
5b8afd7f4ae5,0
a930f84755ff,0
6aeb0c57bc06,0
85ba2d9c8c80,0
b60124658994,0
6fbbdbfa21d4,0
99aac17d6186,0
941fe5c1722d,0
0255288cded4,0
4a07d6816eb6,0
45124d7dadd0,0
22213aab1ff1,0
442a8bd10d17,0
c01b13e7fd43,1
5733004f33b2,0
e7a02b1568f9,0
0d9e80dab787,0
1ccbaae6e6c5,0
888c59e3b180,0
3cc6d0739c4e,0
98c2ad90eba7,0
c371d04aa222,0
641abb46fd44,0
10cd44702f4c,0
9884437b126f,0
f3163f1a96ef,0
bd6ae83ee62f,0
264e8dcf47bd,0
64879c0d8f8f,1
104ae84e1094,0
2d033651320d,0
aab6754263b4,0
3bb4661b0a9b,0
92621c1732cf,0
5d3b56b296be,0
4fce1637d9a1,0
161002f6cd9b,0
504dbbadd3f3,0
f58212ddb4fe,0
25f4aa3140ac,0
d68846d2302c,0
e68c6f2e8f02,0
a902d3c526b5,1
37e2101ee8ed,1
c67a4b7f030a,1
dde3d466a890,0
fdf4b182acba,0
a25c419b8d28,0
5c87cf3fadd1,1
e9eab3e6debe,0
1b282bc7394e,0
b4cf74c154f9,1
28187e864d2e,0
fdbc5b9ae15b,0
3fcd35218d44,0
7fc90fa8e688,1
b36c08026112,0
75a2224e0ba5,0
491fca56ca34,0
8311381fe036,0
99a99df0846e,0
0ee32a6e165b,0
6ac930da5750,0
9922d68354ff,0
937274728aa6,0
aab9c7364a29,0
5c05a61445a9,0
737079498fcf,0
f8540abe5fd4,1
37170548c04d,0
fb57d973f494,0
8fe33df9cca0,0
b2044634f642,0
a0c35b67b470,0
c6e2a5784d8f,0
43bcaf8bcfa7,1
3e1c4880dc54,0
747a7611682b,0
e5b128860b83,0
c28c13aefc7c,0
16e31b303962,0
22ba318c806d,0
0e7f5d76998e,0
b93196b9b8a6,0
8614e121f8cf,0
48c134df2319,0
60ce8632f10d,0
413dbcbbf99d,0
0abf13e8f5f4,0
415409eed853,0
e76ddb5f042f,0
630128c148c0,0
bb4b468b4a56,0
73732998ae84,0
275830831a16,0
12b154e7c4d8,0
947833cbc663,0
ccba605a6583,0
8cfc0b2c77ea,0
ef03c4511231,0
d4dce02bc845,0
e0983523cd1d,0
88b1672cf4a5,0
bc9b5a7adb76,0
2d8941cf8a7e,0
414da0775070,0
c2cb84e19320,0
d8fdd816ab5c,0
db8581e7c16d,0
02112cbc0214,0
91e54c4ce332,0
f3f9652ccc4d,0
90d4dece35fa,0
727836058aa3,0
f63ea45baca3,0
bf19be3f5d7a,0
b8b489a661ad,0
877be018cfe3,0
8eca40e98d30,0
0656457c1286,1
411d07836e92,0
2ce0c651a4d2,0
5b2053520748,0
2069c2702e88,0
e0e4433f632a,0
439453c9fd13,0
e7766b940609,0
6b83f7a2854a,0
d32795ff5ae8,0
4c75fd9d6350,0
00f890354362,0
afb85509345a,0
f51e79888cdf,0
f0f4dbac3030,0
7a5f13bcf731,0
8a976a329d7d,0
d0df58dfc0d9,0
eb86a06b57de,0
872738ed0bfd,0
b0ef87043e87,0
f09b156e6203,1
fe091127c7e6,0
3b0a74d34b96,1
1ceb4d583fa7,0
020943439951,0
57bd732a250a,0
3a68e1a1bd6f,0
4c62a2381cf8,0
a106ab74e276,0
f2d4d1131eac,0
fd8d623016ad,0
7c377c9166fa,0
0128a52eae38,0
a6d8eb2b368f,0
2a15375f28b1,1
a1686ff19d4a,0
701eb581e1f6,0
3cbb1e4470f5,0
29da08e30354,0
4e496dd72292,0
c9b7d776a40b,0
7422488bd815,0
354d3c8a5eaa,0
e2b3bcd51f72,0
40e45749d6e6,0
bf9ea08887ad,0
86016ddbb11d,0
ac0addd95013,0
30134fbf1dc2,0
8c44e6f52ecc,0
230cc23feec3,0
ba8db0583b14,0
c280bc262f42,0
42d2fe5aef57,0
a708f215d500,0
1c1a7561daf2,0
99afb4669a54,0
a61fa9038659,0
0e6cd67a6925,0
a4fb4956aaac,0
b05caf218293,0
b1384770b0e6,0
541f90408a8a,0
a5f43d2c4ed5,0
71c8a3e0a983,0
835deaaa8716,0
96e3df0c5314,0
b192188a2043,0
eb9d26f9093d,0
1555c61b768e,0
99e23cb68f23,0
0a9492a0b407,1
d1c4945035c6,0
a195ef2c3264,0
6281fc025d7c,1
20ba7eb8e660,0
8e521bd1ba8c,0
01ee87f495cd,1
da4b9ed8e26c,0
a0ceecf88b7d,0
bfc072c697f8,0
142896d33a59,0
66abf80a8d6e,0
6d49d82b97ce,0
97ec7f2bfcf5,0
676c958f9b01,0
b09ee08eb8e0,0
0c21091c8f28,0
d2d9f4d507cc,0
4d366fd1e962,1
4da00ce5aa01,0
fd11956e5e42,0
ff81069805f9,0
087b69c4bb74,0
7ebc47343bd3,0
0d1056ec4997,0
e54072a7669d,0
3c05dc81234f,1
7c885167eb49,0
1249f4dabc9d,0
668e101ef8c7,0
8b9d9deb2b17,0
e0211ae17100,0
bbb3c5d0b4e4,0
83a6bd9eadcd,0
2252801e4183,0
24404d270aab,0
a37394d0aa79,0
da5e399bd39c,0
669bd56b3402,0
ec20a2b58da2,0
9d2afbf43665,0
18ed53c72146,0
d181857d07c3,0
4b74e9d2790c,0
936321965fa1,0
157b7ab3c9bd,0
e458517d2454,0
4c59db107765,1
e04f3c06ce8e,0
5e1b43c6ce39,0
4beb05a07dff,0
f583a34de175,0
0f41425e1fb9,0
7940eb275efe,0
9fc63ca41e03,0
638545d1f826,0
55f047f3e8f5,0
0f7a3e0435d9,0
2d2806c3d6e2,0
cdba975e0b57,0
5b977db3e4e9,0
6c980d63b3ee,0
56bb73ec3580,0
d9e8f5b6210c,0
a314ef6ca7db,0
70a2d84ed6f2,0
1471144d6d04,0
1a58f080fc86,0
8923affd7ea7,0
2f4b592a4076,0
79f3247a18d0,0
e023e79b4feb,0
d09b39c1407a,0
3ebc00e9aa02,0
b60a726124c5,0
3d315360feec,1
e9ba0a5a1c1f,0
78481c8e4d5d,0
c6ebe9de64d0,0
cf36c32d33ef,0
0e2fac3867be,0
3462632f7dbe,0
ebbaee8fdddb,0
0a48a7d11618,0
ab51009b3308,0
2ef219766768,0
3b0161c81691,0
b1263a603f32,0
a660467f7f91,0
92afd3e2bba6,0
f02626301ba2,0
4b1a9f2654e7,0
58ca0a2f6043,0
dc66a0840d7f,0
1fbedbdab0e5,0
e3b6f7229119,0
c679f17283d0,0
99ea186e0e68,0
73e300d04f44,0
dcd6d3f487b1,0
139d3e3c2ae6,0
efbc24c2331c,0
86dfdc132504,0
207943d4f53c,0
e10f98969787,0
bd44d3703e08,0
f6c126f653db,0
c91faba60b1a,0
f9345a53c967,0
f37d155a7c88,0
657cc76a822f,0
99d1cb19ca1e,0
713d02838f00,0
120adaefa7d1,0
30c04a583676,0
30f8d403d7ae,0
01b88de112a1,1
d39a39164838,0
148e0342ef4c,0
4f61e1ee5b88,0
2ed451d77772,0
c0fc0ce7a3a3,0
2257430555ad,0
8c0e003d1f04,0
3d6bda13c67f,0
49fe1acacd7f,0
51ded83a4a07,0
21021de2d974,0
97b2572e2dcb,0
12f9a864deeb,0
abadda91467a,0
2b16fd075ccf,0
bf7fbf6704b0,1
bdeba6f3798e,0
f4d003131255,0
d8ff7e8d0c6f,0
c019c4600f94,0
bcd9a282247c,0
6345b6b96264,0
0b7bd8e32d67,0
7be4bc247ef7,0
f83edc5ab0ee,0
6d07867a4f49,0
0ae4e00403eb,0
e8781e36d810,0
89692b0f4bc3,0
eca93674197d,0
c917693d7683,0
d03672c0fd52,0
bd7123fac02f,0
22f64333b300,0
a470c8658364,0
07d2fd415e24,0
de552616e21d,0
630a5577cc9c,0
b5446d8f3d9d,1
e8c6012436bd,0
ea4300f0560e,0
60247d857ef3,0
0f580f594d1f,0
44dbc012be77,0
ed330e78cee3,0
b5877defaace,0
77dcef9246e7,0
56a7d4535a32,1
58375db64a6b,0
bc2586cd5833,0
4d5ae094b47a,0
48e002176671,0
e21a41d46586,0
54ff69b01cd2,0
8cdef408f2f6,0
bf764e7ad2d6,0
aafdad8b3dd1,0
08a75427862b,0
dcc4cb047ef7,0
1a187dd6c19b,0
17bf12f1b61e,0
825aeeeb7f33,0
6bf0fdd27bcf,0
007e6e6baef8,0
c7a40ddd2d3a,0
7f374aaaa612,0
8f69b5154a1b,0
f15bb00bd1bb,0
54ae08aa59fc,0
1e82961f5a42,0
ca5a4382b53e,0
6753d8fda654,0
8eff8706cf50,0
51a0d873a84c,0
60d9b17abb46,0
dc0e3eea1654,0
64f77de19803,0
2a229ffff689,0
ec3eb6ba1c77,0
eb2d0503a531,0
b55f6d19f73c,0
316ee7a0267c,0
fb0ad4c159bf,0
3a38960ef634,0
25dd3d1c24b5,0
3cd6ee2af4f9,0
0aec2e941f37,0
0c10e281750a,0
7d57b07834f6,0
5a86a59bad86,0
a43b719c8299,0
b2d7fb861e34,0
7999ab98b0d4,0
a29246db5458,0
823019fc29a2,0
bb7be119f730,0
106cd17f93ff,0
848b75a3df33,0
1804e155d046,0
bb9b4154a763,0
80b02d83e377,0
7e1f95ee3c1e,0
dd80fe4d3e57,0
13bef78c9667,0
fcae971daccf,0
9f041944e89e,0
d5ded72484be,0
9e8352eefd27,0
ce686f6700f8,0
9195fae017da,0
771dd4e6294f,0
35b50534c5fc,0
317032675e06,0
287d95883dcf,0
b3f27e1a4885,1
cfe4674557a5,0
f9e6cc6a0698,0
8580bb5cae2b,0
0107be330d6d,0
00b5bc2db9a6,0
e698d8549bfb,0
3b824cb61ca4,0
8f369de9455c,1
d5e281ffb251,0
9985974fb908,0
e627ec2f6597,0
390f41993ca2,0
a3ba96dfc4db,0
ca8eeaecfeac,0
fb36ae9c5d4a,1
204e1b70f31d,0
91ff2a97fdf6,1
d7a68887de4b,0
fa8feba36383,0
d5cb9a3a871c,0
b9e709adcaae,0
f38f778b0cba,1
b0d445c55387,0
b447971c7078,0
7da4a9a582e5,0
e8740410e90f,0
9ce548b3bc3a,0
078ec246232f,0
35c67534f905,0
5bf81b3ec03c,0
1470a2daa8c2,0
da93d0f5cd31,0
91e6091cc432,1
2181b5ad9f02,0
6d19bc61df89,1
18b115a0f123,0
36314ad481a5,0
ed16556213c6,1
76270cb312a4,0
fcf1a0e89937,0
b2365d8fb3b0,0
05e8a5af4517,1
5623abce8ff4,0
dc920ce8b731,1
9639e7bb9ad3,1
7f244da35966,0
72487b36370d,0
f4d0a8d0bcaa,0
64bff6ddf01b,0
bbfda831a8e0,0
7178619896f6,0
ccae951c4b85,0
7e929ec7ee77,1
4e242bfdb7d1,0
7199911168fe,0
35ac094e4ac6,0
e4ca7778ea71,0
16b57e168efd,0
da387e6ebf99,0
b8a34f805375,0
c2f33a549498,0
2c02e679bf27,0
6ca0c3b32687,1
0fe88b6668f6,0
2840ec3950da,0
c8280e57d154,1
3ade6e94c0f7,0
197b307e4a10,0
d261c7eee027,0
9c97ae6ee522,0
447a46375464,0
f447982f5816,0
b6f347f7103b,0
2878d1367dd1,0
cab178fa1630,0
2796507d22d9,0
9746a6875596,0
3c8191d6d2ca,0
9e0175b0189e,0
20383db93885,0
81fc16300e06,0
801ba7e9a312,0
1b52a2a91bc9,0
a0453c1c11cd,0
92ed14260029,0
e7be847967ba,0
3bfdae661479,0
bd3ae164d439,0
35fcaf4a8fa1,1
a2a33928f18d,0
d4f3464e5bc1,0
26ca6699511d,0
d3424dd3e778,0
0bceeb88e472,0
2f40d8f8f0d9,0
c1d11766b5a6,0
9bbbe7c282ca,0
a597c110dccb,0
163fd48c7da7,0
a77ab36e6c18,0
